{"cameraMode":{"drawMode":0,"name":"Shaded","section":"Shading Mode"},"sceneLighting":true,"audioPlay":false,"sceneViewState":{"showFog":false,"showMaterialUpdate":false,"showSkybox":false,"showFlares":false,"showImageEffects":false,"showParticleSystems":false},"in2DMode":false,"pivot":{"x":-8.999773025512696,"y":1.9902513027191163,"z":-1.5659074783325196},"rotation":{"x":-0.47830578684806826,"y":0.3336021304130554,"z":-0.20284339785575868,"w":-0.7866353988647461},"size":20.134204864501954,"orthographic":false}