{"cameraMode":{"drawMode":0,"name":"Shaded","section":"Shading Mode"},"sceneLighting":false,"audioPlay":false,"sceneViewState":{"showFog":false,"showMaterialUpdate":false,"showSkybox":false,"showFlares":false,"showImageEffects":false,"showParticleSystems":false},"in2DMode":false,"pivot":{"x":0.469632625579834,"y":-0.04580676555633545,"z":-0.7242326736450195},"rotation":{"x":-0.08410973101854325,"y":0.8106608986854553,"z":-0.12028975039720535,"w":-0.5668252110481262},"size":4.50023889541626,"orthographic":false}