{"cameraMode":{"drawMode":0,"name":"Shaded","section":"Shading Mode"},"sceneLighting":false,"audioPlay":false,"sceneViewState":{"showFog":false,"showMaterialUpdate":false,"showSkybox":false,"showFlares":false,"showImageEffects":false,"showParticleSystems":false},"in2DMode":false,"pivot":{"x":-0.36390864849090578,"y":0.7306395769119263,"z":0.8887144327163696},"rotation":{"x":-0.13484439253807069,"y":0.8329810500144959,"z":-0.2321566939353943,"w":-0.4838126003742218},"size":3.7124080657958986,"orthographic":false}